章节,功能编号,功能名称,功能描述,输入,处理逻辑,输出,优先级,验收标准,版本,日期
4-功能需求,REQ-FUNC-REG-001,任务注册-装饰器方式,"用户通过 @register_task 装饰器注册定时任务","name/trigger/description/idempotency_key/max_retries/timeout 参数","解析参数→创建 TaskDefinition→注册到 TaskRegistry→任务名唯一性校验","TaskDefinition 对象 + 注册成功状态",Must,"1.装饰器参数含 name/trigger/description/idempotency_key/max_retries/timeout；2.同一任务名重复注册抛出 TASK_DUPLICATE(SCH-02-001)；3.注册后可通过 get_scheduler() 动态添加",v1.0,2026-09-01
4-功能需求,REQ-FUNC-REG-002,任务注册-YAML配置方式,"用户通过 YAML 配置文件批量注册定时任务","YAML 配置文件路径(通过 CLI --config 指定)","解析 YAML→批量创建 TaskDefinition→逐个注册→错误收集","任务注册列表 + 错误报告",Should,"1.YAML 含 tasks 数组；2.每项含 name/trigger/module/function/description/idempotency_key/max_retries/timeout；3.加载失败抛出 CONFIG_NOT_FOUND(SCH-01-001) 或 CONFIG_PARSE_ERROR(SCH-01-002)",v1.0,2026-09-01
4-功能需求,REQ-FUNC-REG-003,任务注册-编程式方式,"用户通过 Python API 注册定时任务","TaskDefinition 对象(module:function 格式)","add_task()→注册到 TaskRegistry→任务名唯一性校验","TaskDefinition 对象 + 注册成功状态",Should,"1.TaskDefinition 含 name/func_ref/trigger_type/trigger_config/description/max_retries/timeout/idempotency_key_expr；2.func_ref 格式 module:function；3.注册后立即可用",v1.0,2026-09-01
4-功能需求,REQ-FUNC-SCH-001,可靠调度-cron触发器,"基于 APScheduler cron 触发器定时执行任务","year/month/day/week/day_of_week/hour/minute/second 参数","解析 cron 参数→创建 CronTrigger→调度执行","定时触发执行",Must,"1.cron 触发器支持全部 7 个参数；2.misfire_grace_time 默认 3600 秒；3.coalesce 默认合并执行",v1.0,2026-09-01
4-功能需求,REQ-FUNC-SCH-002,可靠调度-interval触发器,"基于 APScheduler interval 触发器周期执行任务","weeks/days/hours/minutes/seconds 参数","解析 interval 参数→创建 IntervalTrigger→调度执行","周期触发执行",Must,"1.interval 触发器支持 5 个时间单位参数；2.支持任意组合",v1.0,2026-09-01
4-功能需求,REQ-FUNC-SCH-003,可靠调度-date触发器,"基于 APScheduler date 触发器一次性执行任务","run_date 参数(指定执行时间)","解析 run_date→创建 DateTrigger→调度执行","一次性触发执行",Must,"1.date 触发器支持 run_date 参数；2.时间格式 ISO 8601",v1.0,2026-09-01
4-功能需求,REQ-FUNC-IDM-001,幂等校验,"框架层强制幂等校验，重复执行零副作用","幂等键表达式(含变量 {date}/{datetime}/{task_name}/{run_id}/{weekday}/{month}/{year}/{param:xxx})","变量替换→生成幂等键→查询已执行记录→冲突检测→返回执行/SKIPPED","执行结果 或 SKIPPED 状态(SCH-05-001)",Must,"1.幂等键格式 task_name:{表达式结果}；2.支持 8 种变量替换；3.同一幂等键重复执行返回 SKIPPED；4.冲突时不进入重试队列",v1.0,2026-09-01
4-功能需求,REQ-FUNC-RTY-001,重试策略,"指数退避+抖动+死信队列，避免重试风暴","失败任务 + 重试配置(max_retries/retry_base_delay/retry_max_delay/retry_jitter)","计算退避延迟→添加抖动→等待→重试→耗尽后进入 DLQ","重试结果 或 DLQ 状态(SCH-04-001)",Must,"1.默认 max_retries=3；2.初始延迟 60s；3.最大延迟 3600s；4.抖动 30s；5.TaskResult.skip_retry=True 直接 DLQ",v1.0,2026-09-01
4-功能需求,REQ-FUNC-STS-001,状态持久化,"SQLite 存储任务状态和调度元数据，进程崩溃可恢复","任务状态变更事件","写入 SQLite WAL→崩溃恢复时读取→自动恢复调度","持久化状态",Must,"1.数据库默认 .secrets/scheduler.db；2.支持 WAL 模式；3.进程重启自动恢复调度；4.连接失败抛出 STORAGE_CONNECTION_FAILED(SCH-06-001)",v1.0,2026-09-01
4-功能需求,REQ-FUNC-REC-001,执行记录审计,"CSV 台账格式记录每次执行，审计可追溯","执行结果(ExecutionRecord 16字段)","解析执行记录→CSV 追加写入→UTF-8 BOM 编码","CSV 追加记录",Must,"1.CSV 默认 台账/31_定时任务执行记录.csv；2.字段含 run_id/task_name/trigger_type/scheduled_time/start_time/end_time/duration/status/retry_count/idempotency_key/error_code/error_message/result_data；3.UTF-8 with BOM；4.追加不覆盖",v1.0,2026-09-01
4-功能需求,REQ-FUNC-ALT-001,告警通知-系统通知,"系统通知方式告警(失败/堆积/心跳异常)","告警事件(失败次数/队列堆积数/心跳超时秒数)","阈值判断→系统通知(macOS/Linux/Windows)","系统通知弹窗",Should,"1.失败阈值可配置(默认1次)；2.堆积阈值可配置(默认50)；3.心跳超时可配置(默认300秒)；4.告警失败不阻塞主流程(SCH-08-001)",v1.0,2026-09-01
4-功能需求,REQ-FUNC-ALT-002,告警通知-Webhook,"Webhook HTTP POST 方式告警","告警事件 + webhook_url 配置","构造 JSON payload→HTTP POST→超时/重试","HTTP 响应",Should,"1.Webhook URL 可选；2.超时 30 秒；3.失败降级不阻塞主流程",v1.0,2026-09-01
4-功能需求,REQ-FUNC-TMO-001,超时控制,"任务超时强制终止，防止单个任务阻塞调度器","任务执行 + timeout 配置","计时→超时→SIGTERM(Unix)/TerminateProcess(Windows)→记录超时","TASK_TIMEOUT(SCH-04-002)",Must,"1.默认超时 300 秒；2.超时后发送终止信号；3.超时记录 TASK_TIMEOUT；4.超时后任务状态 FAILED",v1.0,2026-09-01
4-功能需求,REQ-FUNC-CLI-001,CLI-前台启动调度器,"用户通过 CLI start 命令前台启动调度器","--tasks-dir/--config 参数","解析参数→加载配置→注册任务→启动调度→前台运行","调度器运行状态",Should,"1.start 支持前台运行；2.支持 --config 指定配置文件；3.支持 --tasks-dir 指定任务目录",v1.0,2026-09-01
4-功能需求,REQ-FUNC-CLI-002,CLI-查看状态,"用户通过 CLI status 命令查看调度器运行状态","无","查询调度器状态→格式化输出","调度器状态(运行中/已停止/任务数)",Should,"1.status 命令可用；2.显示任务总数/活跃数/失败数",v1.0,2026-09-01
4-功能需求,REQ-FUNC-CLI-003,CLI-列出任务,"用户通过 CLI list 命令列出已注册任务","无","查询注册表→格式化输出","任务列表(名称/触发器/状态)",Should,"1.list 命令可用；2.显示任务名称/触发器类型/状态",v1.0,2026-09-01
4-功能需求,REQ-FUNC-CLI-004,CLI-手动执行,"用户通过 CLI run 命令手动执行指定任务","task_name 参数","查找任务→创建上下文→执行→返回结果","执行结果",Should,"1.run 命令可用；2.支持指定 task_name；3.显示执行结果/耗时",v1.0,2026-09-01
4-功能需求,REQ-FUNC-CLI-005,CLI-查看历史,"用户通过 CLI history 命令查看执行历史","--task-name 可选参数","查询 SQLite 执行记录→格式化输出","执行历史列表",Should,"1.history 命令可用；2.支持 --task-name 过滤；3.显示时间/任务名/状态/耗时",v1.0,2026-09-01
4-功能需求,REQ-FUNC-CLI-006,CLI-查看统计,"用户通过 CLI stats 命令查看任务执行统计","无","聚合计算→格式化输出","统计数据(成功率/平均耗时/重试率)",Should,"1.stats 命令可用；2.显示成功率/平均耗时/重试率/死信数",v1.0,2026-09-01
4-功能需求,REQ-FUNC-CLI-007,CLI-查看死信队列,"用户通过 CLI dlq 命令查看死信队列","无","查询 DLQ 任务→格式化输出","死信任务列表",Should,"1.dlq 命令可用；2.显示任务名/重试次数/错误信息/时间",v1.0,2026-09-01
4-功能需求,REQ-FUNC-PRJ-001,跨项目复用,"经 PROJECT_ROOT 环境变量注入可调度其他项目的任务","PROJECT_ROOT 环境变量 + --tasks-dir 参数","读取 PROJECT_ROOT→加载目标项目任务目录→注册任务→调度执行","外部项目任务调度",Should,"1.读取 PROJECT_ROOT；2.外部项目可指定 tasks 目录；3.至少 1 个外部项目验证通过",v1.0,2026-09-01
4-功能需求,REQ-FUNC-RET-001,TaskResult 返回值规范,"支持多返回值类型，可控制 skip_retry 行为","任务函数返回值(None/True/str/dict/TaskResult)","类型识别→结果封装→成功/失败/DLQ 判定","TaskResult 对象",Should,"1.None/True/str/dict 视为成功；2.TaskResult.ok() 创建成功结果；3.TaskResult.fail(skip_retry=True) 业务错误直接 DLQ；4.TaskResult.fail(skip_retry=False) 可重试(默认)",v1.0,2026-09-01
4-功能需求,REQ-FUNC-CFG-001,配置管理-YAML,"提供 YAML 配置文件管理调度器/执行/记录/告警四大配置域","YAML 配置文件","解析 YAML→合并默认值→配置校验→注入调度器","Config 对象",Should,"1.调度器域：timezone/jobstore.path/executor.max_workers/misfire_grace_time/coalesce；2.执行域：default_max_retries/default_timeout/retry_base_delay/retry_max_delay/retry_jitter；3.记录域：enabled/csv_path/archive_days；4.告警域：enabled/system_notification/failed_alert_threshold/queue_alert_threshold/heartbeat_timeout/webhook_url",v1.0,2026-09-01
4-功能需求,REQ-FUNC-EXM-001,内置示例任务,"提供 example_tasks.py 演示核心特性用法","无(内置)","示例任务覆盖 cron/interval/date 三种触发器 + 幂等键 + TaskResult.skip_retry","可执行示例",Could,"1.至少 3 个示例覆盖三种触发器；2.演示幂等键用法；3.演示 TaskResult.skip_retry 用法；4.可通过 CLI run 执行验证",v1.0,2026-09-01