章节,质量特性,ISO 25010 子特性,质量要求,量化验收标准,优先级,版本,日期
7-质量属性,功能性,功能完备性,"10 大功能模块全部实现，覆盖 README 承诺特性","功能清单核对表 100% 通过",Must,v1.0,2026-09-01
7-质量属性,功能性,正确性,"幂等校验零副作用，重试策略正确执行","幂等键冲突检测 100% 准确",Must,v1.0,2026-09-01
7-质量属性,性能效率,时间响应,"调度延迟/CLI 响应/崩溃恢复时间达标","调度延迟<1s/CLI<2s/恢复<5s",Should,v1.0,2026-09-01
7-质量属性,性能效率,资源利用,"内存占用/磁盘占用在合理范围","内存<200MB/磁盘<100MB/年",Should,v1.0,2026-09-01
7-质量属性,兼容性,共存性,"三平台同时支持，无系统级依赖","CI 矩阵 macOS/Linux/Windows 全绿",Must,v1.0,2026-09-01
7-质量属性,易用性,可学习性,"装饰器注册 3 行代码，CLI help 完整","新用户 30 分钟内可上手",Should,v1.0,2026-09-01
7-质量属性,易用性,用户错误防护,"幂等键冲突自动跳过/死信队列防重试风暴/超时强制终止","无用户误操作导致系统崩溃",Must,v1.0,2026-09-01
7-质量属性,可靠性,成熟性,"SQLite WAL 持久化，崩溃自动恢复","崩溃恢复成功率 100%",Must,v1.0,2026-09-01
7-质量属性,可靠性,容错性,"重试策略+死信队列+超时控制","重试风暴 0 次发生",Must,v1.0,2026-09-01
7-质量属性,安全性,保密性,"敏感信息 A 级禁入库/B 级脱敏","密钥/Token/凭据 0 入库",Must,v1.0,2026-09-01
7-质量属性,安全性,可追溯性,"执行记录 CSV 审计+安全审计台账","每次操作可追溯至具体人/时间/动作",Must,v1.0,2026-09-01
7-质量属性,维护性,模块化,"5 层管道单向数据流，模块可独立测试","模块间耦合度低，可独立替换",Should,v1.0,2026-09-01
7-质量属性,维护性,可测试性,"单测覆盖核心模块，CI 自动化","单测覆盖率 ≥80%",Should,v1.0,2026-09-01
7-质量属性,可移植性,适应性,"pip install 即用，零配置启动","安装后 3 分钟内可运行",Should,v1.0,2026-09-01
7-质量属性,可移植性,可替换性,"APScheduler 可替换为其他调度内核(预留抽象层)","调度内核可插拔(设计约束)",Could,v1.0,2026-09-01