记录编号,执行时间,执行阶段,执行动作,执行人,产出物,耗时(小时),状态,备注
EXEC-001,2026-08-31,项目启动,init_kickoff 启动登记,段波,项目编号 PRJ-TS-001/SMART 目标/项目类型,0.5,完成,
EXEC-002,2026-08-31,项目启动,write_project_iron_rules 写入项目铁律,段波,项目铁律.md(语言/产物落盘/访问边界/全局铁律继承),1,完成,
EXEC-003,2026-08-31,项目启动,create_charter 编写项目章程,段波,项目章程.md(授权/SMART目标/成功标准/约束/零预算/6里程碑/PM任命/签字表),2,完成,
EXEC-004,2026-08-31,项目启动,register_stakeholder 干系人登记册,段波,干系人登记册.md(7干系人/权力利益矩阵/沟通计划/关键干系人识别),1,完成,
EXEC-005,2026-08-31,项目启动,define_org_structure 组织架构与RACI,段波,27_组织架构.csv(6层级/完整RACI矩阵/唯一A/决策权限/汇报关系),2,完成,
EXEC-006,2026-08-31,项目启动,define_issue_escalation 问题升级机制,段波,12_风险问题台账.csv(P1-P4分级/四级升级路径/响应时限/Owner/5初始风险),1,完成,
EXEC-007,2026-08-31,项目启动,define_scope_prelim 范围初定义,段波,02_范围基准.csv(19交付边界/7排除项/5假设/6制约),1,完成,
EXEC-008,2026-08-31,项目启动,init_tailor 阶段裁剪+迭代配置,段波,00_阶段配置.csv(7阶段全保留)+18_迭代配置.csv(4迭代/10天/发布点/DoR DoD),1,完成,
EXEC-009,2026-08-31,项目启动,register_env_asset 环境资产注册,段波,25_环境资源清单.csv(8资源/端口/数据库/文件/模型/Docker/无冲突),0.5,完成,
EXEC-010,2026-08-31,项目启动,declare_access_boundary 访问边界声明,段波,26_访问边界.csv(项目内可读写删/项目外需授权/临时目录仅读),0.5,完成,
EXEC-011,2026-08-31,项目启动,assess_feasibility 五维可行性评估,段波,可行性评估报告.md(技术/资源/进度/成本/风险五维Go/高风险有应对),1,完成,
EXEC-012,2026-08-31,项目启动,check_ready 启动就绪检查,段波,启动就绪检查单.md(12项Gate清单/判定Go/阻塞清单空/建议行动),0.5,完成,
EXEC-013,2026-08-31,项目启动,init_baseline 基线初始化,段波,27个CSV台账全量创建/基线v0.1,2,执行中,EXEC-014,2026-09-01,需求分析,elicit_requirements 需求收集,段波,需求收集清单_v1.0_v2.csv(22 条需求/六来源载体) + 完整性检查表,1,完成,
EXEC-015,2026-09-01,需求分析,analyze_requirements 七维度分析,段波,需求分析报告_v1.0.csv + 需求分析汇总报告_v1.0.md(func/nfr/if/sec/data/env 六维度/ui 不适用),1.5,完成,
EXEC-016,2026-09-01,需求分析,document_requirements SRS 编写,段波,requirements/SRS_v1.0/(IEEE 830 十章 CSV + SRS 质量校验报告 7/7 通过),2,完成,
EXEC-017,2026-09-01,需求分析,review_requirements 需求评审,段波,需求评审报告_v1.0.md(五维度评审全通过/缺陷 0),1,完成,
EXEC-018,2026-09-01,需求分析,update_traceability 追溯矩阵,段波,台账/08_需求追溯矩阵.csv(48 条需求/32 已追溯/断链率 0%),0.5,完成,
EXEC-019,2026-09-01,需求分析,stage_close 需求基线冻结,段波,需求基线冻结报告_v1.0.md/台账更新/交接文档断点刷新,0.5,完成,
EXEC-020,2026-09-02,架构设计,ADR 架构决策记录编写,段波,architecture/ADR_架构决策记录_v1.0.md(12 个 ADR/调度内核/存储/幂等/重试/超时/记录/告警/模块/配置/注册/跨平台/CLI),2,完成,
EXEC-021,2026-09-02,架构设计,4+1 视图 + C4 模型设计,段波,architecture/架构视图_4+1_C4_v1.0.md(C4 三层+4+1 四视图+4 场景),1.5,完成,
EXEC-022,2026-09-02,架构设计,数据架构+安全架构设计,段波,architecture/数据架构_安全架构_v1.0.md(SQLite 4 表 Schema+CSV 台账格式+安全三级+脱敏规则+目录边界),1,完成,
EXEC-023,2026-09-02,架构设计,ATAM 架构评审,段波,architecture/ATAM_架构评审_v1.0.md(效用树 15 场景/5 风险均为低/9 非风险/5 敏感点/5 权衡点),1,完成,
EXEC-024,2026-09-02,架构设计,架构基线冻结,段波,architecture/架构基线冻结报告_v1.0.md(基线 v0.3/提前 19 天/追溯 100%/门禁通过),0.5,完成,
EXEC-025,2026-09-02,架构设计,台账更新+交接文档刷新,段波,15_执行记录/09_进度跟踪/08_追溯矩阵/交接文档.md 更新,0.5,完成,
EXEC-026,2026-09-02,开发实现,IT-01 基础修复+测试基础设施,段波,pyproject.toml 修复/tests 目录创建/conftest.py(14 fixture)/113 测试通过,1,完成,
EXEC-027,2026-09-02,开发实现,PBI-05 配置管理完善,段波,config.py 增强:环境变量覆盖(SCHEDULER_xxx 30+变量)+配置校验(validate_config/enforce_validate/ConfigValidationError)+63 测试,1,完成,
EXEC-028,2026-09-02,开发实现,PBI-03 状态持久化完善,段波,state_store.py 增强:崩溃恢复(recover_from_crash)+执行统计+任务删除+幂等键清理+16 测试,1,完成,
EXEC-029,2026-09-02,开发实现,PBI-02 幂等校验框架完善,段波,idempotency.py 增强:键安全截断+空键校验+check_or_skip+cleanup_expired+19 测试,0.5,完成,
EXEC-030,2026-09-02,开发实现,PBI-01 核心调度引擎完善,段波,scheduler.py 启动崩溃恢复集成+executor.py execute_with_retry 重试执行+6 测试,0.5,完成,
EXEC-031,2026-09-02,开发实现,PBI-04 CLI 完善,段波,cli.py 修复导入+新增 cleanup/recover/validate 命令+12 测试,0.5,完成,
EXEC-032,2026-09-02,开发实现,全量测试验证+台账更新,段波,229 测试全通过/执行记录+交接文档更新,0.5,完成,
EXEC-033,2026-09-02,开发实现,PBI-08 超时控制增强,段波,timeout.py 新建:线程/信号/进程三级超时+智能策略选择+executor 集成,1,完成,
EXEC-034,2026-09-02,开发实现,PBI-07 CSV 台账轮转+查询增强,段波,record_writer.py 增强:rotate_if_needed 文件轮转+query_records 多条件查询+get_stats_by_date 日期统计,1,完成,
EXEC-035,2026-09-02,开发实现,PBI-06 重试事件回调+历史记录,段波,retry.py 增强:RetryEvent/RetryCallback/LoggingRetryCallback+重试历史(上限 1000)+notify_* 回调触发,1,完成,
EXEC-036,2026-09-02,开发实现,IT-02 新增功能测试,段波,test_it02_features.py:26 测试(超时控制 8+CSV 轮转查询 10+重试回调历史 8),0.5,完成,
EXEC-037,2026-09-02,开发实现,全量测试验证+台账更新,段波,255 测试全通过/执行记录+交接文档更新,0.5,完成,
EXEC-038,2026-09-02,开发实现,PBI-11 告警通知完善,段波,notifier.py 增强:告警模板(ALERT_TEMPLATES)+严重级别(AlertSeverity)+Webhook 重试(2次)+告警统计(get_alert_stats)+统一分发(_dispatch),1,完成,
EXEC-039,2026-09-02,开发实现,PBI-12 跨项目复用验证,段波,utils.py set_project_root/reset_project_root+context.py SchedulerContext(项目上下文隔离/initialize/shutdown/get_info),1,完成,
EXEC-040,2026-09-02,开发实现,IT-02 剩余功能测试,段波,test_it02_features.py:追加 20 测试(告警模板 5+通知器增强 5+项目根 5+上下文 6),0.5,完成,
EXEC-041,2026-09-02,开发实现,IT-02 全量测试验证+台账更新,段波,275 测试全通过/执行记录+交接文档更新,0.5,完成,
EXEC-042,2026-09-02,开发实现,PBI-13 内置示例任务,段波,example_tasks.py:新增 example_timeout/example_idempotent/example_with_params 共 8 个示例任务,0.5,完成,
EXEC-043,2026-09-02,开发实现,PBI-14 文档体系完善,段波,docs/api.md+docs/architecture.md+docs/error_codes.md+docs/usage.md(4 篇文档),1,完成,
EXEC-044,2026-09-02,开发实现,PBI-15 测试体系补全,段波,test_integration.py(6 集成测试)+test_coverage_supplement.py(18 覆盖率测试)+pyproject.toml 覆盖率配置,1,完成,
EXEC-046,2026-09-02,开发实现,IT-03 迭代回顾,段波,19_迭代回顾.csv:IT-01/IT-02/IT-03 三轮回顾(What Went Well/Can Be Improved/Action Items),0.5,完成,
EXEC-047,2026-09-02,开发实现,交接文档+进度台账更新,段波,交接文档.md v7.0+09_进度跟踪 M4完成+15_执行记录更新,0.5,完成,
EXEC-048,2026-09-02,开发实现,PBI-16 CI/CD 流水线,段波,.github/workflows/ci.yml(lint+test+build+security)+release.yml(tag触发PyPI发布+GitHub Release)+pyproject.toml ruff配置,1,完成,
EXEC-049,2026-09-02,开发实现,PBI-17 PyPI 发布包标准化,段波,pyproject.toml(classifiers+urls+keywords)+README.md(完整文档)+构建验证(dev_task_scheduler-1.0.0),0.5,完成,
EXEC-050,2026-09-02,开发实现,PBI-18 企业级治理体系验证,段波,08_追溯矩阵4条待追溯→已追溯+17_开发追溯17模块全填充+台账完整性验证,0.5,完成,
EXEC-051,2026-09-02,开发实现,PBI-19 外部项目接入验证,段波,examples/external_project/(tasks.py+scheduler.yaml)+test_external_integration.py(14测试)+examples README,1,完成,
EXEC-052,2026-09-02,开发实现,PBI-20 复用资产+经验教训,段波,docs/reusable_assets.md(复用模块11个+设计模式4个+经验教训4条+技术债务4项),0.5,完成,
EXEC-053,2026-09-02,开发实现,IT-04 全量测试+台账更新,段波,313测试全通过/追溯矩阵断链率0%/开发追溯17模块/迭代回顾/交接文档更新,0.5,完成,
EXEC-054,2026-09-02,发布准备,发布收尾:MANIFEST.in+LICENSE+tag,段波,MANIFEST.in(sdist清单)+LICENSE(MIT)+YAML配置加载器修复(list格式)+v1.0.0 tag创建+构建验证(sdist+wheel),0.5,完成,
